url_path,views_total,views_unique
/George-R-Heath/NanoLocz-Matlab-Library/tree/main/Example%20Workbooks,6,1
/George-R-Heath/NanoLocz-Matlab-Library,3,1
/George-R-Heath/NanoLocz-Matlab-Library/blob/main/README.md,3,1
/George-R-Heath/NanoLocz-Matlab-Library/blob/main/Example%20Workbooks/Workbook_cross_channel_level_movies.m,2,1
/George-R-Heath/NanoLocz-Matlab-Library/tree/main,2,1
/George-R-Heath/NanoLocz-Matlab-Library/blob/main/Example%20Workbooks/Live_Workbook_Auto_Line_Profile.mlx,1,1
/George-R-Heath/NanoLocz-Matlab-Library/blob/main/Example%20Workbooks/Live_Workbook_cross_channel_level_movies.mlx,1,1
/George-R-Heath/NanoLocz-Matlab-Library/blob/main/Example%20Workbooks/Live_Workbook_LAFM.mlx,1,1
/George-R-Heath/NanoLocz-Matlab-Library/blob/main/Example%20Workbooks/Workbook_Auto_Line_Profile.m,1,1
